{"type":"Topology","objects":{"glp.geo":{"type":"GeometryCollection","geometries":[{"type":"MultiPolygon","properties":{"cca2":"gp"},"arcs":[[[0]],[[1]],[[2]]]}]}},"arcs":[[[863,1],[-6,-1],[-10,0],[-4,1],[-12,4],[-2,1],[-4,4],[-7,18],[0,3],[11,19],[18,17],[4,3],[3,-1],[13,-9],[19,-20],[3,-4],[5,-11],[0,-3],[0,-3],[-4,-3],[-15,-10],[-4,-2],[-8,-3]],[[973,214],[-23,-8],[-3,0],[-1,3],[1,2],[2,2],[12,8],[7,4],[12,6],[2,1],[3,1],[7,-1],[7,-1],[-1,-3],[-4,-2],[-21,-12]],[[809,225],[4,0],[3,0],[22,-4],[7,-1],[6,-2],[4,-3],[29,-22],[-11,-7],[-121,-26],[-7,0],[-3,1],[-13,3],[-6,2],[-6,5],[-7,4],[-7,-1],[-9,0],[-2,-1],[-1,-1],[-6,-10],[0,-3],[0,-2],[2,-13],[1,-3],[4,-9],[6,-32],[2,-11],[-4,-10],[-1,-2],[-6,-5],[-18,-14],[-22,-12],[-19,-8],[-3,-1],[-2,1],[-23,33],[-10,15],[-3,5],[-17,89],[-1,11],[1,21],[6,13],[12,8],[7,4],[2,1],[7,1],[2,-1],[37,-18],[25,-19],[-1,-3],[2,-1],[14,-1],[12,5],[1,0],[8,3],[22,28],[-12,22],[-4,12],[-1,7],[-1,3],[1,6],[3,4],[10,12],[20,13],[2,1],[3,0],[2,0],[11,-7],[15,-11],[1,-2],[2,-2],[5,-17],[0,-5],[-4,-11],[0,-4],[1,-2],[2,-4],[11,-14],[4,-3],[4,-3],[6,-2]]],"bbox":[-62.87306,15.869999,-60.988617,17.930275],"transform":{"scale":[0.0018863293293293337,0.00206233833833834],"translate":[-62.87306,15.869999]}}
