{"type":"Topology","objects":{"zmb.geo":{"type":"GeometryCollection","geometries":[{"type":"Polygon","properties":{"cca2":"zm"},"arcs":[[0]]}]}},"arcs":[[[254,52],[-5,2],[-8,3],[-10,1],[-3,1],[-2,0],[-1,-1],[-1,0],[0,-1],[-3,-2],[-1,0],[-1,0],[-2,1],[-3,1],[-5,3],[-1,0],[-4,1],[-1,0],[-12,-1],[-17,-4],[-1,0],[-17,-4],[-30,-6],[-2,1],[-21,13],[-12,15],[-26,27],[-2,3],[-20,25],[-1,2],[-17,16],[-6,5],[-3,2],[-4,5],[0,1],[-1,1],[1,8],[-1,2],[0,2],[0,1],[-1,2],[-4,9],[0,1],[-4,4],[-2,1],[0,5],[0,13],[0,40],[0,15],[0,51],[0,5],[0,5],[0,11],[0,29],[0,45],[0,4],[0,5],[0,20],[0,3],[0,24],[0,14],[0,32],[1,0],[42,0],[42,0],[25,-1],[12,0],[14,0],[25,0],[12,0],[0,2],[-1,3],[-1,2],[-1,1],[-2,4],[-1,1],[-1,1],[-2,1],[-1,1],[-1,2],[0,1],[-1,1],[0,4],[0,1],[0,1],[8,24],[1,2],[5,10],[0,1],[0,9],[0,1],[-1,2],[-1,2],[-1,1],[-1,1],[-1,1],[0,1],[-1,1],[1,32],[2,5],[0,1],[0,1],[-1,9],[0,2],[-1,1],[-2,3],[0,1],[5,20],[1,0],[0,2],[1,1],[1,1],[2,1],[-5,16],[-1,13],[-2,20],[0,5],[1,0],[4,0],[1,-1],[3,-1],[3,-2],[0,-1],[1,-6],[3,-5],[1,0],[10,-1],[1,-1],[1,0],[0,-1],[4,-2],[0,-1],[2,-2],[2,-10],[0,-2],[-1,-4],[0,-1],[0,-1],[-3,-5],[-1,-1],[0,-1],[1,-5],[6,-5],[0,-1],[1,0],[5,0],[1,1],[4,1],[1,1],[0,1],[1,2],[1,1],[7,6],[4,2],[1,0],[20,5],[4,1],[3,0],[5,0],[1,0],[4,0],[1,1],[4,2],[1,0],[1,0],[0,1],[2,1],[1,1],[2,1],[1,0],[0,-1],[1,0],[0,-1],[0,-7],[-2,-5],[-2,-3],[-1,0],[0,-1],[0,-1],[2,-14],[1,-4],[3,-8],[0,-1],[1,0],[11,-7],[16,-5],[13,-4],[12,-9],[1,-1],[1,0],[3,0],[3,0],[11,0],[19,-1],[1,0],[1,0],[1,-1],[1,0],[1,-1],[10,-4],[7,-2],[6,1],[9,1],[1,0],[1,0],[2,1],[4,4],[1,1],[1,1],[0,1],[1,2],[0,3],[1,2],[0,6],[0,1],[2,15],[1,1],[14,3],[1,-1],[0,-1],[1,-2],[0,-7],[1,-2],[0,-1],[0,-1],[0,-1],[0,-2],[0,-3],[0,-1],[1,-1],[0,-1],[2,-1],[7,-6],[2,-1],[3,-2],[1,-1],[3,-3],[2,-3],[0,-1],[1,-2],[0,-2],[0,-3],[0,-2],[3,-9],[1,-1],[0,-1],[2,-3],[1,-1],[1,-1],[1,0],[2,-1],[1,-1],[0,-1],[1,-1],[1,-1],[0,-1],[0,-1],[1,0],[1,-1],[1,0],[8,1],[1,0],[1,0],[1,1],[0,1],[1,1],[0,1],[1,0],[1,0],[1,0],[2,-1],[2,-1],[2,-1],[1,-1],[1,-1],[1,-1],[7,-5],[9,-6],[6,0],[8,-1],[2,0],[0,-1],[8,-7],[1,-2],[7,-12],[0,-1],[0,-1],[0,-2],[-1,-1],[-1,0],[-1,-1],[0,-1],[-1,-1],[0,-1],[1,0],[0,-2],[5,-12],[1,-1],[1,-1],[1,1],[1,0],[1,2],[0,2],[1,1],[1,0],[1,1],[1,0],[0,-1],[1,0],[1,0],[4,-6],[1,0],[0,-2],[7,-11],[7,-12],[1,0],[0,-1],[2,-9],[1,-3],[0,-4],[0,-1],[0,-1],[0,-1],[1,-1],[0,-1],[4,-3],[1,0],[1,0],[1,0],[1,1],[3,0],[7,-4],[1,-1],[1,0],[9,6],[13,7],[1,1],[1,1],[2,2],[2,1],[1,2],[2,1],[1,1],[1,0],[1,-1],[7,-3],[0,-1],[0,-1],[0,-1],[0,-1],[0,-1],[-1,0],[-1,-1],[-1,0],[-2,-6],[0,-1],[0,-1],[0,-1],[1,-2],[1,-1],[1,0],[6,-2],[6,0],[0,1],[0,3],[0,25],[0,39],[0,24],[0,7],[1,25],[0,6],[0,1],[-1,0],[-3,1],[-17,-4],[-7,-5],[-1,-1],[0,-1],[-2,-8],[3,-5],[0,-1],[1,0],[1,1],[1,0],[1,0],[0,-1],[0,-1],[0,-2],[-1,-1],[-1,-1],[-1,-1],[-1,0],[-1,0],[-6,2],[-12,7],[-7,0],[-2,-1],[-1,0],[-3,-1],[-4,0],[-1,0],[-2,0],[0,1],[0,1],[0,1],[0,1],[-2,4],[-5,10],[-1,1],[-1,1],[-1,1],[-6,8],[-12,11],[-1,0],[-1,1],[-4,3],[-11,8],[-4,9],[0,1],[-1,4],[0,2],[-1,5],[-2,5],[-1,2],[-1,2],[-1,2],[-1,0],[0,2],[0,1],[0,1],[0,4],[0,3],[0,1],[1,1],[3,6],[5,12],[0,1],[1,2],[1,6],[4,21],[1,9],[0,2],[1,1],[2,4],[3,8],[1,0],[2,0],[1,0],[3,6],[0,1],[-2,8],[-1,1],[0,1],[-2,2],[-1,1],[-3,27],[3,10],[-1,17],[1,4],[0,2],[3,7],[3,5],[0,1],[-2,5],[-12,28],[-1,10],[0,1],[-1,1],[-2,1],[-4,1],[-1,1],[-1,0],[-1,1],[-1,0],[-1,1],[0,1],[-1,0],[0,2],[0,1],[1,1],[0,1],[1,1],[1,1],[1,1],[2,1],[2,1],[1,0],[3,2],[8,6],[1,2],[7,7],[1,1],[2,2],[6,9],[3,5],[2,3],[5,8],[3,6],[0,2],[0,3],[0,3],[0,2],[-2,5],[0,2],[-3,4],[2,0],[6,1],[18,4],[3,0],[13,3],[15,2],[1,1],[1,0],[28,5],[14,2],[15,3],[15,3],[6,1],[20,4],[2,0],[1,0],[0,-1],[2,-6],[3,-9],[1,-1],[1,-2],[4,-8],[1,-2],[4,-5],[0,-1],[1,0],[1,-1],[3,-3],[2,-1],[1,-1],[2,-1],[2,-1],[2,0],[1,0],[1,1],[2,1],[2,2],[1,0],[1,0],[1,0],[6,-4],[10,-2],[6,-3],[7,-9],[0,-5],[0,-1],[1,-2],[1,0],[8,-7],[1,-1],[1,0],[2,0],[1,1],[2,1],[1,1],[1,0],[4,-1],[5,-2],[5,-2],[-1,-1],[0,-1],[-1,0],[0,-1],[0,-2],[0,-2],[0,-2],[0,-1],[1,0],[2,-3],[1,-1],[1,0],[2,1],[0,1],[1,1],[1,0],[2,0],[2,-1],[1,-1],[5,0],[1,0],[3,-4],[1,-2],[1,0],[2,-1],[2,0],[2,0],[6,0],[4,0],[1,0],[5,-4],[1,0],[0,-1],[0,-2],[1,-2],[2,-3],[1,-1],[0,-1],[1,0],[6,0],[7,-1],[5,-5],[1,-1],[5,-3],[1,-1],[2,0],[4,-1],[2,-2],[0,-1],[0,-4],[0,-1],[1,-1],[4,-14],[0,-1],[1,0],[1,-1],[4,0],[3,1],[3,3],[6,-1],[2,-3],[0,-2],[0,-1],[0,-1],[-1,0],[0,-1],[0,-1],[0,-2],[1,-2],[6,-6],[2,-2],[3,-12],[-3,-6],[0,-6],[0,-2],[1,0],[10,-9],[7,-5],[1,-1],[1,-1],[0,-1],[0,-1],[-1,-2],[0,-3],[-1,-2],[1,-2],[0,-1],[1,-4],[7,-11],[4,-5],[1,-2],[0,-1],[-1,0],[0,-1],[-1,-2],[-4,-2],[-2,-2],[-5,-6],[0,-1],[-1,-1],[0,-1],[0,-2],[-2,-2],[-4,-3],[-1,0],[-1,0],[-2,0],[-2,1],[-5,-2],[-6,-4],[-1,-1],[0,-1],[-1,-1],[0,-1],[8,-18],[1,-1],[1,-1],[2,-2],[2,-5],[0,-1],[-1,-2],[-1,-3],[-4,-8],[-4,-7],[-2,-4],[-2,0],[0,-1],[0,-1],[1,-9],[0,-6],[1,1],[1,0],[2,-1],[1,-1],[1,-2],[0,-1],[0,-13],[0,-16],[-1,-9],[0,-1],[-1,-2],[-2,-3],[0,-1],[-1,-1],[0,-5],[0,-1],[0,-1],[7,-17],[1,-1],[1,-1],[1,-1],[1,0],[1,-1],[1,1],[1,0],[3,2],[1,1],[1,-1],[5,-1],[0,-1],[0,-1],[0,-1],[-1,-1],[-1,-1],[-2,-1],[-2,-3],[0,-2],[0,-1],[-9,-9],[-1,-1],[-11,-4],[-5,-1],[-1,1],[-1,0],[-1,0],[-6,0],[-1,0],[-1,-2],[-7,-15],[0,-1],[0,-1],[0,-7],[0,-1],[1,-1],[1,0],[2,-1],[1,-1],[1,-1],[0,-1],[0,-1],[0,-1],[0,-2],[-1,-2],[-1,-2],[-1,-2],[-1,-4],[0,-6],[0,-4],[0,-1],[-1,-8],[-5,-16],[0,-1],[-2,-3],[-5,-10],[-1,-1],[-2,-1],[-4,-2],[-4,0],[-1,0],[-1,-1],[0,-3],[0,-1],[1,-1],[1,-1],[4,-1],[2,1],[1,-1],[3,-6],[1,-1],[5,-11],[8,-11],[7,-6],[1,1],[7,6],[1,-1],[0,-1],[1,-3],[1,-2],[1,-1],[0,-1],[1,0],[-20,-9],[-52,-21],[-3,-1],[-9,-2],[-1,-1],[-11,-3],[-12,-5],[-7,-3],[-2,-1],[-1,-1],[-3,-1],[-2,0],[-4,-1],[-2,-1],[-1,0],[-13,-8],[-1,0],[-1,-1],[-1,-2],[-1,0],[-1,-1],[-2,0],[-13,-4],[-1,0],[-16,-5],[-2,0],[-4,0],[-11,-4],[-9,-3],[-18,-7],[-6,-3],[-2,0],[-14,-9],[-11,-1],[1,-12],[0,-4],[3,-8],[1,-4],[3,-4],[2,-2],[2,-1],[1,-1],[0,-1],[2,-14],[1,-11],[2,-4],[-3,-1],[-1,-1],[-1,-1],[-1,0],[-5,1],[-2,1],[-1,0],[-8,1],[-1,0],[-26,2],[-1,0],[-1,-1],[-2,0],[-6,-3],[-6,-2],[-2,0],[-1,0],[-2,1],[-2,0],[-1,0],[-18,-7],[-1,-1],[-8,-3],[-1,-1],[-13,-11],[-8,-6],[-4,-2],[-1,0],[-1,0],[0,-1],[-5,-6],[0,-1],[0,-1],[-1,-10],[-1,-15],[0,-3],[1,-1],[0,-1],[0,-1],[0,-1],[0,-1],[0,-2],[-2,-6],[0,-1],[-1,-1],[-5,-7],[-1,-1],[-14,-3],[-27,-13],[-11,-10],[-9,-5],[-18,-9],[-1,-3],[-9,-14],[-5,-10],[-2,-11],[-1,-1],[-8,-8],[-14,-15],[-17,-23],[-1,-1],[0,-1],[1,-3],[0,-1],[-10,-10],[-1,-1],[-2,0],[-5,-1],[-5,-1],[-4,-1],[-7,-3],[-1,-1],[-1,-1],[-2,-3],[-1,0],[-1,0],[-6,3],[-1,0],[0,1],[-1,1],[-1,3],[-1,0],[-12,5],[-5,2],[-12,3],[-3,0],[-6,-3],[-2,-4],[-10,-4],[-1,0],[-1,0],[-4,2],[-4,1],[-2,3],[0,1],[0,1],[1,0],[1,0],[0,1],[0,1],[-1,0],[-6,4],[-8,6],[-1,0],[-1,0],[-1,-1],[-1,0],[-1,-1],[-1,-1],[-1,0],[-8,-2],[-7,0],[-2,0],[-5,1],[-1,1],[-1,0],[-1,1],[-4,3],[-1,1],[-1,1],[-15,16],[-3,1],[-4,3],[-1,2]]],"bbox":[21.996387,-18.076126,33.702278,-8.191668],"transform":{"scale":[0.011717608608608609,0.00989435235235235],"translate":[21.996387,-18.076126]}}
